{
  "name": "paper-radio-button",
  "version": "1.1.2",
  "description": "A material design radio button",
  "authors": [
    "The Polymer Authors"
  ],
  "keywords": [
    "web-components",
    "polymer",
    "radio",
    "control"
  ],
  "private": true,
  "repository": {
    "type": "git",
    "url": "git://github.com/PolymerElements/paper-radio-button"
  },
  "license": "http://polymer.github.io/LICENSE.txt",
  "homepage": "https://github.com/PolymerElements/paper-radio-button",
  "ignore": [],
  "dependencies": {
    "iron-checked-element-behavior": "PolymerElements/iron-checked-element-behavior#^1.0.0",
    "paper-behaviors": "PolymerElements/paper-behaviors#^1.0.0",
    "paper-styles": "PolymerElements/paper-styles#^1.1.0",
    "polymer": "Polymer/polymer#^1.1.0"
  },
  "devDependencies": {
    "iron-component-page": "PolymerElements/iron-component-page#^1.0.0",
    "iron-demo-helpers": "PolymerElements/iron-demo-helpers#^1.0.0",
    "iron-test-helpers": "PolymerElements/iron-test-helpers#^1.0.0",
    "test-fixture": "PolymerElements/test-fixture#^1.0.0",
    "web-component-tester": "^4.0.0",
    "webcomponentsjs": "webcomponents/webcomponentsjs#^0.7.0"
  },
  "main": "paper-radio-button.html",
  "_release": "1.1.2",
  "_resolution": {
    "type": "version",
    "tag": "v1.1.2",
    "commit": "e757d45011d2fe9ccc91b5e28f68656a8dff1730"
  },
  "_source": "https://github.com/PolymerElements/paper-radio-button.git",
  "_target": "1.1.2",
  "_originalSource": "PolymerElements/paper-radio-button"
}