{
  "name": "paper-checkbox",
  "version": "1.4.0",
  "description": "A material design checkbox",
  "authors": [
    "The Polymer Authors"
  ],
  "keywords": [
    "web-components",
    "polymer",
    "paper",
    "checkbox",
    "control"
  ],
  "private": true,
  "repository": {
    "type": "git",
    "url": "git://github.com/PolymerElements/paper-checkbox"
  },
  "license": "http://polymer.github.io/LICENSE.txt",
  "homepage": "https://github.com/PolymerElements/paper-checkbox",
  "ignore": [],
  "dependencies": {
    "polymer": "Polymer/polymer#^1.6.0",
    "iron-checked-element-behavior": "PolymerElements/iron-checked-element-behavior#^1.0.0",
    "paper-behaviors": "PolymerElements/paper-behaviors#^1.0.0",
    "paper-ripple": "PolymerElements/paper-ripple#^1.0.0",
    "paper-styles": "PolymerElements/paper-styles#^1.1.0"
  },
  "devDependencies": {
    "webcomponentsjs": "webcomponents/webcomponentsjs#^0.7.0",
    "web-component-tester": "^4.0.0",
    "test-fixture": "PolymerElements/test-fixture#^1.0.0",
    "iron-component-page": "PolymerElements/iron-component-page#^1.0.0",
    "iron-demo-helpers": "PolymerElements/iron-demo-helpers#^1.0.0",
    "iron-flex-layout": "PolymerElements/iron-flex-layout#^1.0.0",
    "iron-test-helpers": "PolymerElements/iron-test-helpers#^1.0.0"
  },
  "main": "paper-checkbox.html",
  "_release": "1.4.0",
  "_resolution": {
    "type": "version",
    "tag": "v1.4.0",
    "commit": "1d1c9439fe3a056356233e04171fd9c62f0857fb"
  },
  "_source": "https://github.com/PolymerElements/paper-checkbox.git",
  "_target": "1.4.0",
  "_originalSource": "PolymerElements/paper-checkbox"
}