{
  "name": "App States",
  "description": "Advanced router/state manager for Polymer",
  "main": "app-states.html",
  "keywords": [
    "router",
    "polymer",
    "state-manager",
    "web-components"
  ],
  "authors": [
    "Tansu TURKOGLU <tansu.turkoglu@kalitte.com.tr>"
  ],
  "dependencies": {
    "polymer": "Polymer/polymer#~0.5.4",
    "webcomponentsjs": "~0.5.4"
  },
  "license": "MIT",
  "ignore": [
    "**/.*",
    "node_modules",
    "bower_components",
    "lib",
    "test",
    "tests",
    "tmp",
    "gulpfile.js",
    "package.json"
  ],
  "homepage": "https://github.com/Kalitte/app-states",
  "version": "0.6.9",
  "_release": "0.6.9",
  "_resolution": {
    "type": "version",
    "tag": "v0.6.9",
    "commit": "97eb8e1d134fca9e6dc1767d2bd3597c05437fac"
  },
  "_source": "https://github.com/Kalitte/app-states.git",
  "_target": "^0.6.9",
  "_originalSource": "bower.json",
  "_direct": true
}