{
  "name": "web-animations-js",
  "description": "JavaScript implementation of the Web Animations API",
  "homepage": "https://github.com/web-animations/web-animations-js",
  "main": "web-animations.min.js",
  "moduleType": [
    "globals"
  ],
  "keywords": [
    "animations",
    "polyfill"
  ],
  "license": "Apache-2.0",
  "ignore": [
    "**/.*",
    "node_modules",
    "templates",
    "test",
    "src",
    "Gruntfile.js",
    "package.json",
    "target-config.js",
    "target-loader.js",
    "web-animations.dev.html",
    "web-animations.dev.js",
    "web-animations-next.dev.html",
    "web-animations-next.dev.js",
    "web-animations-next-lite.dev.html",
    "web-animations-next-lite.dev.js"
  ],
  "version": "2.2.1",
  "_release": "2.2.1",
  "_resolution": {
    "type": "version",
    "tag": "2.2.1",
    "commit": "45d8e40300e82ff02ccfbbc78c89500de0f5616f"
  },
  "_source": "https://github.com/web-animations/web-animations-js.git",
  "_target": "2.2.1",
  "_originalSource": "web-animations/web-animations-js"
}