{
  "name": "mocha",
  "homepage": "https://mochajs.org",
  "description": "simple, flexible, fun test framework",
  "repository": {
    "type": "git",
    "url": "git://github.com/mochajs/mocha.git"
  },
  "main": [
    "mocha.js",
    "mocha.css"
  ],
  "ignore": [
    "bin",
    "editors",
    "images",
    "lib",
    "scripts",
    "test",
    "assets",
    "media",
    ".*",
    "index.js",
    "karma.conf.js",
    "browser-entry.js",
    "Makefile",
    "package.json",
    "appveyor.yml"
  ],
  "keywords": [
    "mocha",
    "test",
    "bdd",
    "tdd",
    "tap"
  ],
  "license": "MIT",
  "version": "3.2.0",
  "_release": "3.2.0",
  "_resolution": {
    "type": "version",
    "tag": "v3.2.0",
    "commit": "0b2ed5d7629bc29ea656d5b95ff796e9df3964e7"
  },
  "_source": "https://github.com/mochajs/mocha.git",
  "_target": "^3.1.2",
  "_originalSource": "mocha"
}