{
  "name": "iron-range-behavior",
  "version": "1.0.4",
  "license": "http://polymer.github.io/LICENSE.txt",
  "description": "Provides a behavior for something with a minimum and maximum value",
  "authors": "The Polymer Authors",
  "keywords": [
    "web-components",
    "polymer",
    "behavior"
  ],
  "main": [
    "iron-range-behavior.html"
  ],
  "private": true,
  "repository": {
    "type": "git",
    "url": "git://github.com/PolymerElements/iron-range-behavior.git"
  },
  "dependencies": {
    "polymer": "Polymer/polymer#^1.0.0"
  },
  "devDependencies": {
    "iron-component-page": "PolymerElements/iron-component-page#^1.0.0",
    "iron-input": "PolymerElements/iron-input#^1.0.0",
    "test-fixture": "PolymerElements/test-fixture#^1.0.0",
    "web-component-tester": "*",
    "webcomponentsjs": "webcomponents/webcomponentsjs#^0.7.0"
  },
  "homepage": "https://github.com/PolymerElements/iron-range-behavior",
  "_release": "1.0.4",
  "_resolution": {
    "type": "version",
    "tag": "v1.0.4",
    "commit": "71774a7d8a8c377496bfe05e60b754e91216e0b9"
  },
  "_source": "https://github.com/PolymerElements/iron-range-behavior.git",
  "_target": "1.0.4",
  "_originalSource": "PolymerElements/iron-range-behavior"
}