{
  "name": "svg-typewriter",
  "description": "A library for measuring, manipulating, and writing text on SVG.",
  "version": "0.3.0",
  "main": [
    "svgtypewriter.js"
  ],
  "license": "MIT",
  "ignore": [
    "**/*",
    "!bower.json",
    "!svgtypewriter.js",
    "!svgtypewriter.min.js",
    "!svgtypewriter.d.ts"
  ],
  "keywords": [
    "svgtypewriter",
    "svgtypewriterjs",
    "svgtypewriter.js",
    "d3",
    "text",
    "measurer",
    "wrapper",
    "animation",
    "visualization"
  ],
  "dependencies": {
    "d3": "3.5.5"
  },
  "homepage": "http://palantir.github.io/svg-typewriter/",
  "repository": {
    "type": "git",
    "url": "git://github.com/palantir/svg-typewriter.git"
  },
  "devDependencies": {
    "chai": "1.9.0",
    "mocha": "1.17.1",
    "jQuery": "2.1.0",
    "jquery.simulate": "1.2.0",
    "lodash": "~2.4.1"
  },
  "_release": "0.3.0",
  "_resolution": {
    "type": "version",
    "tag": "v0.3.0",
    "commit": "6860d1243f9a887b87dc593dd535f73f36237041"
  },
  "_source": "https://github.com/palantir/svg-typewriter.git",
  "_target": "0.3.0",
  "_originalSource": "svg-typewriter"
}