{
  "name": "paper-dialog",
  "description": "A Material Design dialog",
  "version": "1.0.4",
  "authors": "The Polymer Authors",
  "keywords": [
    "web-components",
    "polymer",
    "dialog",
    "overlay"
  ],
  "main": "paper-dialog.html",
  "private": true,
  "repository": {
    "type": "git",
    "url": "git://github.com/PolymerElements/paper-dialog"
  },
  "license": "http://polymer.github.io/LICENSE.txt",
  "homepage": "https://github.com/PolymerElements/paper-dialog",
  "ignore": [],
  "dependencies": {
    "neon-animation": "PolymerElements/neon-animation#^1.0.0",
    "paper-dialog-behavior": "PolymerElements/paper-dialog-behavior#^1.0.0",
    "paper-styles": "PolymerElements/paper-styles#^1.0.0",
    "polymer": "Polymer/polymer#^1.1.0"
  },
  "devDependencies": {
    "iron-component-page": "PolymerElements/iron-component-page#^1.0.0",
    "paper-button": "PolymerElements/paper-button#^1.0.0",
    "paper-dialog-scrollable": "PolymerElements/paper-dialog-scrollable#^1.0.0",
    "paper-dropdown-menu": "PolymerElements/paper-dropdown-menu#^1.0.0",
    "paper-item": "PolymerElements/paper-item#^1.0.0",
    "paper-menu": "PolymerElements/paper-menu#^1.0.0",
    "test-fixture": "PolymerElements/test-fixture#^1.0.0",
    "web-component-tester": "^4.0.0",
    "webcomponentsjs": "webcomponents/webcomponentsjs#^0.7.0"
  },
  "_release": "1.0.4",
  "_resolution": {
    "type": "version",
    "tag": "v1.0.4",
    "commit": "53b099bed06bbbab7cb0f82c8209328c1a82aee6"
  },
  "_source": "https://github.com/PolymerElements/paper-dialog.git",
  "_target": "1.0.4",
  "_originalSource": "PolymerElements/paper-dialog"
}