{
  "name": "graphlib",
  "version": "1.0.7",
  "main": [
    "dist/graphlib.core.js"
  ],
  "ignore": [
    ".*",
    "README.md",
    "CHANGELOG.md",
    "Makefile",
    "browser.js",
    "dist/graphlib.js",
    "dist/graphlib.min.js",
    "index.js",
    "karma*",
    "lib/**",
    "package.json",
    "src/**",
    "test/**"
  ],
  "dependencies": {
    "lodash": "^3.10.0"
  },
  "homepage": "https://github.com/cpettitt/graphlib",
  "_release": "1.0.7",
  "_resolution": {
    "type": "version",
    "tag": "v1.0.7",
    "commit": "fbd547f8f19bd743a4344d385ee1ec37eb34279f"
  },
  "_source": "https://github.com/cpettitt/graphlib.git",
  "_target": "1.0.7",
  "_originalSource": "graphlib"
}